symbol,status,n_ticks,span_days,coverage_24_7,coverage_rth,ticks_per_bar_median
01211.HK.ETORO,OK,4500,284.1,0.165,,4.0
ABT.US.ETORO,OK,5856,92.9,0.6565,1.0294,4.0
ACN.ETORO,OK,5736,93.0,0.6425,1.0294,4.0
ADA.ETORO,OK,4744,73.5,0.6727,0.6727,4.0
ADBE.ETORO,OK,5952,92.2,0.6727,1.0379,4.0
AERO.ETORO,OK,4740,73.4,0.6725,0.6725,4.0
AG.ETORO,OK,4592,238.2,0.2008,1.0166,4.0
AMAT.ETORO,OK,5948,92.0,0.6732,1.031,4.0
AMD.ETORO,OK,5956,92.1,0.6738,1.0333,4.0
AMKR.ETORO,OK,4592,238.2,0.2008,1.0166,4.0
ARWR.ETORO,OK,4592,238.2,0.2008,1.0166,4.0
ASML.ETORO,OK,5956,92.1,0.6738,1.0333,4.0
ASX.ETORO,OK,4592,239.1,0.2001,1.0098,4.0
ATI.ETORO,OK,4588,238.2,0.2006,1.0157,4.0
ATRO.ETORO,OK,4144,238.2,0.1812,0.9159,4.0
AVAX.ETORO,OK,4740,73.5,0.6718,0.6718,4.0
AXON.ETORO,OK,5628,99.7,0.5877,1.047,4.0
AXSM.ETORO,OK,4592,239.0,0.2001,1.0098,4.0
BETA.ETORO,OK,4144,238.2,0.1812,0.9159,4.0
BSX.US.ETORO,OK,5940,92.3,0.6704,0.6704,4.0
BTC.ETORO,OK,4740,73.4,0.6725,0.6725,4.0
CAG.ETORO,OK,5360,99.2,0.5626,1.0256,4.0
CAT.ETORO,OK,5948,92.2,0.6722,1.0379,4.0
CCL.ETORO,OK,5956,92.6,0.6701,1.0448,4.0
CELH.ETORO,OK,4588,238.2,0.2006,1.0157,4.0
CHTR.ETORO,OK,5436,109.4,0.5177,1.0365,4.0
CHWY.ETORO,OK,4592,239.0,0.2001,1.0098,4.0
CIEN.ETORO,OK,5948,186.1,0.3329,1.0268,4.0
CMG.ETORO,OK,5784,93.1,0.647,1.0362,4.0
COHR.ETORO,OK,5952,184.2,0.3365,1.0295,4.0
COIN.ETORO,OK,5952,92.0,0.6736,1.031,4.0
CPNG.ETORO,OK,4588,238.2,0.2006,1.0157,4.0
CPRT.ETORO,OK,5636,94.0,0.6246,1.0301,4.0
CRM.ETORO,OK,5952,92.2,0.6727,1.0379,4.0
CRS.ETORO,OK,4144,238.2,0.1812,0.9159,4.0
CVE.ETORO,OK,4588,238.2,0.2006,1.0157,4.0
DELL.ETORO,OK,5952,92.0,0.6736,0.6736,4.0
DFTX.ETORO,OK,4000,206.2,0.2021,0.2021,4.0
DHT.ETORO,OK,4004,206.2,0.2023,0.2023,4.0
DKNG.ETORO,OK,5924,92.2,0.6692,1.0402,4.0
DOCU.ETORO,OK,4592,238.2,0.2008,1.0166,4.0
DOGE.ETORO,OK,4744,73.5,0.6727,0.6727,4.0
DPZ.ETORO,OK,5280,108.2,0.5081,1.0341,4.0
DUOL.ETORO,OK,5788,92.7,0.6506,1.0448,4.0
E.ETORO,OK,4592,238.2,0.2008,1.0166,4.0
EC.ETORO,OK,4592,238.2,0.2008,0.2008,4.0
EEFT.ETORO,OK,4592,238.2,0.2008,1.0166,4.0
ELF.ETORO,OK,4592,239.0,0.2001,1.0098,4.0
ENLT.ETORO,OK,4592,239.0,0.2001,1.0098,4.0
ENVA.ETORO,OK,4144,239.0,0.1806,0.9097,4.0
ESLT.ETORO,OK,4144,238.2,0.1812,0.9159,4.0
ETH.ETORO,OK,4740,73.4,0.6725,0.6725,4.0
FDX.ETORO,OK,5488,101.0,0.5662,1.0333,4.0
FICO.ETORO,OK,5656,120.0,0.491,1.0221,4.0
FISV.ETORO,OK,5736,93.5,0.6388,1.043,4.0
FORM.ETORO,OK,4144,238.2,0.1812,0.9159,4.0
FRO.ETORO,OK,4592,239.0,0.2001,1.0098,4.0
FSLY.ETORO,OK,4592,239.0,0.2001,1.0098,4.0
FTI.ETORO,OK,4588,238.2,0.2006,1.0157,4.0
FTNT.ETORO,OK,5636,93.1,0.6307,0.6307,4.0
GEV.ETORO,OK,5952,92.1,0.673,1.0356,4.0
GIS.ETORO,OK,5864,93.8,0.6513,1.0452,4.0
GLW.ETORO,OK,5952,92.2,0.6727,1.0379,4.0
GOOG.ETORO,OK,5952,92.0,0.6736,1.031,4.0
GOOGL.ETORO,OK,5956,92.1,0.6738,1.0333,4.0
GRAB.ETORO,OK,4592,239.0,0.2001,0.2001,4.0
GSAT.ETORO,OK,4592,238.2,0.2008,1.0166,4.0
GTLB.ETORO,OK,4592,238.2,0.2008,1.0166,4.0
HAL.ETORO,OK,5708,95.2,0.6242,1.044,4.0
HPE.ETORO,OK,4000,60.0,0.694,0.694,4.0
HUBS.ETORO,OK,4592,238.2,0.2008,1.0166,4.0
HUT.ETORO,OK,4592,238.2,0.2008,1.0166,4.0
HYPE.ETORO,OK,4740,73.5,0.6718,0.6718,4.0
ILMN.ETORO,OK,4592,238.2,0.2008,0.2008,4.0
INSM.ETORO,OK,4588,238.2,0.2006,1.0157,4.0
INSW.ETORO,OK,4144,239.2,0.1805,0.9097,4.0
INTC.ETORO,OK,5956,92.1,0.6738,0.6738,4.0
INTU.ETORO,OK,5920,92.0,0.67,1.031,4.0
JAZZ.ETORO,OK,4588,238.2,0.2006,1.0157,4.0
JNJ.ETORO,OK,5892,92.5,0.6638,1.0448,4.0
JOBY.ETORO,OK,4148,239.0,0.1808,0.9106,4.0
KD.ETORO,OK,4588,239.0,0.2,1.0089,4.0
KRYS.ETORO,OK,4148,239.0,0.1808,0.9106,4.0
KTOS.ETORO,OK,4004,206.2,0.2022,0.2022,4.0
LLY.ETORO,OK,5956,92.2,0.6728,1.0402,4.0
LNTH.ETORO,OK,4588,239.0,0.2,0.2,4.0
LQDA.ETORO,OK,4140,238.2,0.181,0.915,4.0
LRCX.ETORO,OK,5952,92.0,0.6736,1.031,4.0
LSCC.ETORO,OK,4592,239.0,0.2001,1.0098,4.0
LULU.ETORO,OK,5948,92.5,0.6698,1.0448,4.0
MBLY.ETORO,OK,4592,238.2,0.2008,1.0166,4.0
MNDY.ETORO,OK,4588,238.2,0.2006,1.0157,4.0
MOD.ETORO,OK,4144,239.0,0.1806,0.9097,4.0
MPC.ETORO,OK,4000,77.3,0.5388,0.5388,4.0
MRK.ETORO,OK,5836,95.2,0.6385,0.6385,4.0
MRVL.ETORO,OK,5952,92.0,0.6736,1.031,4.0
MSTR.ETORO,OK,5952,92.0,0.6736,1.031,4.0
MTZ.ETORO,OK,4588,238.2,0.2006,1.0157,4.0
MU.ETORO,OK,5952,92.0,0.6736,1.031,4.0
NATGAS.ETORO,OK,6960,93.3,0.7768,1.0723,4.0
NFLX.ETORO,OK,5948,92.0,0.6732,1.031,4.0
NKE.ETORO,OK,5956,92.2,0.6728,1.0402,4.0
NOK.ETORO,OK,4592,239.0,0.2001,1.0098,4.0
NOW.ETORO,OK,5948,92.1,0.6729,1.0333,4.0
NTRA.ETORO,OK,4000,206.2,0.2021,0.2021,4.0
NTSK.ETORO,OK,4144,238.2,0.1812,0.9159,4.0
NUE.ETORO,OK,5000,126.5,0.4117,0.4117,4.0
NVDA.ETORO,OK,5952,92.0,0.6736,1.031,4.0
NVO.ETORO,OK,4592,239.0,0.2001,1.0098,4.0
NVS.ETORO,OK,4588,238.2,0.2006,1.0157,4.0
ONDO.ETORO,OK,4744,73.5,0.6727,0.6727,4.0
ONTO.ETORO,OK,4588,239.0,0.2,1.0089,4.0
ORCL.ETORO,OK,5948,92.0,0.6735,0.6735,4.0
PALL.ETORO,OK,4592,239.0,0.2001,1.0098,4.0
PARR.ETORO,OK,4000,206.2,0.2021,0.2021,4.0
PBR.ETORO,OK,4592,238.2,0.2008,1.0166,4.0
PDD.ETORO,OK,5952,92.0,0.6736,0.6736,4.0
PEPExM.ETORO,OK,7048,73.4,1.0,1.0,4.0
PINS.ETORO,OK,4588,238.2,0.2006,1.0157,4.0
PLTR.ETORO,OK,5952,92.0,0.6736,1.031,4.0
PODD.ETORO,OK,5104,134.2,0.3962,1.0293,4.0
POWL.ETORO,OK,4144,238.2,0.1812,0.9159,4.0
PSN.US.ETORO,OK,4588,239.0,0.1999,1.0089,4.0
PSX.ETORO,OK,5360,123.2,0.4533,0.4533,4.0
PYPL.ETORO,OK,5948,92.0,0.6732,1.031,4.0
QS.ETORO,OK,4000,206.2,0.2021,0.2021,4.0
RBLX.ETORO,OK,4592,238.2,0.2008,1.0166,4.0
RHM.DE.ETORO,OK,4796,190.2,0.2627,0.4503,4.0
RIOT.ETORO,OK,5944,92.4,0.67,1.0448,4.0
RLAY.ETORO,OK,4592,239.0,0.2001,0.2001,4.0
ROP.ZU.ETORO,OK,4796,192.2,0.26,0.446,4.0
RPRX.ETORO,OK,4588,239.0,0.2,0.2,4.0
RUN.ETORO,OK,4000,206.2,0.2021,0.2021,4.0
RVMD.ETORO,OK,4592,239.0,0.2001,1.0098,4.0
SE.ETORO,OK,4592,239.0,0.2001,1.0098,4.0
SEI.US.ETORO,OK,4144,238.2,0.1812,0.9159,4.0
SHIBxM.ETORO,OK,4740,73.4,0.6725,0.6725,4.0
SKHY.ETORO,OK,1668,84.2,0.2063,0.2063,4.0
SMTC.ETORO,OK,4592,239.0,0.2001,1.0098,4.0
SN.ETORO,OK,4000,206.2,0.2021,0.2021,4.0
SNAP.ETORO,OK,5944,92.7,0.6682,1.0448,4.0
SOL.ETORO,OK,4740,73.4,0.6725,0.6725,4.0
SQM.ETORO,OK,4588,238.2,0.2006,1.0157,4.0
STX.US.ETORO,OK,5952,92.1,0.673,1.0356,4.0
SU.ETORO,OK,4588,238.2,0.2006,0.2006,4.0
TD.ETORO,OK,4588,239.0,0.2,1.0089,4.0
TEAM.ETORO,OK,5752,94.4,0.6346,1.0457,4.0
TER.ETORO,OK,5948,92.0,0.6732,1.031,4.0
TEVA.ETORO,OK,4592,238.2,0.2008,1.0166,4.0
TME.ETORO,OK,4588,238.2,0.2006,1.0157,4.0
TSEM.ETORO,OK,4588,238.2,0.2006,1.0157,4.0
TSLA.ETORO,OK,5952,92.0,0.6736,1.031,4.0
TTD.ETORO,OK,5952,92.1,0.6733,1.0333,4.0
TTMI.ETORO,OK,4144,238.2,0.1812,0.9159,4.0
TVTX.ETORO,OK,4148,238.2,0.1814,0.9168,4.0
TWST.ETORO,OK,4588,238.2,0.2006,1.0157,4.0
TXG.ETORO,OK,4588,238.2,0.2006,1.0157,4.0
UPST.ETORO,OK,4588,238.2,0.2006,1.0157,4.0
USDTRY.ETORO,OK,6116,87.7,0.7264,0.7264,4.0
USDZAR.ETORO,OK,6116,87.7,0.7264,0.7264,4.0
VLO.ETORO,OK,5848,107.0,0.5693,1.0217,4.0
VRT.ETORO,OK,5952,184.2,0.3365,1.0295,4.0
VSH.ETORO,OK,4144,238.2,0.1812,0.9159,4.0
WBD.ETORO,OK,5796,99.2,0.6086,1.0427,4.0
WDAY.ETORO,OK,5192,101.7,0.5315,1.0478,4.0
WDC.ETORO,OK,5956,92.1,0.6738,1.0333,4.0
WIX.ETORO,OK,4968,218.1,0.2373,1.0269,4.0
XOM.ETORO,OK,5948,92.2,0.6722,1.0379,4.0
XPEV.ETORO,OK,4588,238.2,0.2006,1.0157,4.0
XRP.ETORO,OK,4740,73.5,0.6721,0.6721,4.0
XYL.ETORO,OK,4000,92.2,0.4519,0.4519,4.0
Z.ETORO,OK,4588,238.2,0.2006,1.0157,4.0
ZS.ETORO,OK,5952,93.0,0.6664,1.0317,4.0
ZTS.ETORO,OK,5900,93.2,0.6591,1.0407,4.0
